U+2F800	丽	3	0	0			8	0			麗							丽														
U+2F801	丸	3	0	0			3	2			丸							丸														
U+2F802	乁	3	0	0			1	3			乀乁及							乁														
U+2F803	𠄢	3	0	0			7	6			亘							𠄢														
U+2F804	你	3	0	0			7	8			你							你														
U+2F805	侮	3	0	0			8	8			侮							侮														
U+2F806	侻	3	0	0			9	8			侻							侻														
U+2F807	倂	3	0	0			10	8										倂														
U+2F808	偺	3	0	0			11	8			偺咱							偺														
U+2F809	備	3	0	0			13	8			備							備														
U+2F80A	僧	3	0	0			13	8			僧							僧														
U+2F80B	像	3	0	0			14	8			像							像														
U+2F80C	㒞	3	0	0			17	8										㒞														
U+2F80D	𠘺	3	0	0			6	15			充							𠘺														
U+2F80E	免	3	0	0			7	9			免							免														
U+2F80F	兔	3	0	0			8	9			兔							兔														
U+2F810	兤	3	0	0			20	9										兤														
U+2F811	具	3	0	0			8	11			具							具														
U+2F812	𠔜	3	0	0			10	11			坤							𠔜														
U+2F813	㒹	3	0	0			20	11			顛							㒹														
U+2F814	內	3	0	0			4	10			內							內														
U+2F815	再	3	0	0			6	12			再							再														
U+2F816	𠕋	3	0	0			6	12			冊							𠕋														
U+2F817	冗	3	0	0			4	13			冗	冗						冗	business, duty					jung2								
U+2F818	冤	3	0	0			10	13			冤							冤														
U+2F819	仌	3	0	0			4	8										仌														
U+2F81A	冬	3	0	0			5	14			冬							冬														
U+2F81B	况	3	0	0			7	14			況							况														
U+2F81C	𩇟	3	0	0			17	173			㵾							𩇟														
U+2F81D	凵	3	0	0			2	16										凵														
U+2F81E	刃	3	0	0			3	17			兩刃							刃														
U+2F81F	㓟	3	0	0			7	17										㓟														
U+2F820	刻	3	0	0			8	17			刻							刻														
U+2F821	剆	3	0	0			9	17			剆							剆														
U+2F822	割	3	0	0			12	17			割							割														
U+2F823	剷	3	0	0			13	17			剷							剷														
U+2F824	㔕	3	0	0			6	18			㔕							㔕														
U+2F825	勇	3	0	0			9	18			勇							勇						jung5								
U+2F826	勉	3	0	0			9	18			勉							勉														
U+2F827	勤	3	0	0			12	18			勤							勤														
U+2F828	勺	3	0	0			3	19										勺														
U+2F829	包	3	0	0			5	19			包							包														
U+2F82A	匆	3	0	0			5	19			匆							匆														
U+2F82B	北	3	0	0			5	20			北							北														
U+2F82C	卉	3	0	0			6	23			卅卉							卉														
U+2F82D	卑	3	0	0			9	23			卑							卑														
U+2F82E	博	3	0	0			12	23			博							博														
U+2F82F	即	3	0	0			8	25			即							即														
U+2F830	卽	3	0	0			9	25			即							卽														
U+2F831	卿	3	0	0			11	25			卿							卿														
U+2F832	卿	3	0	0			11	25			卿							卿														
U+2F833	卿	3	0	0			12	25			卿							卿														
U+2F834	𠨬	3	0	0			4	26										𠨬														
U+2F835	灰	3	0	0			6	26 85			灰	灰						灰	ashes, lime				huī	fui1								
U+2F836	及	3	0	0			3	28										及														
U+2F837	叟	3	0	0			7	28			叟							叟														
U+2F838	𠭣	3	0	0			11	28										𠭣														
U+2F839	叫	3	0	0			5	29			叫							叫														
U+2F83A	叱	3	0	0			5	29			叱							叱														
U+2F83B	吆	3	0	0			6	29			吆							吆						jiu1								
U+2F83C	咞	3	0	0			7	29			哯							咞														
U+2F83D	吸	3	0	0			6	29			吸							吸														
U+2F83E	呈	3	0	0			7	29			呈狂逞㞷							呈														
U+2F83F	周	3	0	0			8	29			周							周														
U+2F840	咢	3	0	0			9	29										咢						ngok6								
U+2F841	哶	3	0	0			10	29			羋							哶														
U+2F842	唐	3	0	0			10	29			唐							唐														
U+2F843	啓	3	0	0			11	29			啟							啓														
U+2F844	啣	3	0	0			11	29			啣銜							啣														
U+2F845	善	3	0	0			12	29			善							善														
U+2F846	善	3	0	0			12	29			善							善														
U+2F847	喙	3	0	0			12	29			喙							喙														
U+2F848	喫	3	0	0			12	29			喫							喫														
U+2F849	喳	3	0	0			12	29			喳							喳														
U+2F84A	嗂	3	0	0			13	29			嗂							嗂														
U+2F84B	圖	3	0	0			13	30										圖														
U+2F84C	嘆	3	0	0			13	29			嘆							嘆														
U+2F84D	圗	3	0	0			14	30										圗														
U+2F84E	噑	3	0	0			15	29										噑														
U+2F84F	噴	3	0	0			16	29			噴							噴														
U+2F850	切	3	0	0			5	17			切功							切														
U+2F851	壮	3	0	0			6	32			壯牡							壮														
U+2F852	城	3	0	0			10	31			城							城														
U+2F853	埴	3	0	0			11	31			埴							埴														
U+2F854	堍	3	0	0			11	31			堍							堍														
U+2F855	型	3	0	0			11	31			型							型														
U+2F856	堲	3	0	0			12	31			堲							堲														
U+2F857	報	3	0	0			13	31			報							報														
U+2F858	墬	3	0	0			15	31			地墬							墬														
U+2F859	𡓤	3	0	0			18	31			隤							𡓤														
U+2F85A	売	3	0	0			7	32			壳							売														
U+2F85B	壷	3	0	0			13	32			壺							壷														
U+2F85C	夆	3	0	0			7	33										夆														
U+2F85D	多	3	0	0			6	35			多							多														
U+2F85E	夢	3	0	0			13	35			夢							夢														
U+2F85F	奢	3	0	0			12	36			奢							奢														
U+2F860	𡚨	3	0	0			5	37			妣							𡚨														
U+2F861	𡛪	3	0	0			9	37										𡛪														
U+2F862	姬	3	0	0			10	37			姬							姬														
U+2F863	娛	3	0	0			10	37			娛							娛														
U+2F864	娧	3	0	0			10	37										娧														
U+2F865	姘	3	0	0			11	37			姘							姘	illicit sexual relations					ping1								
U+2F866	婦	3	0	0			11	37			婦							婦														
U+2F867	㛮	3	0	0			12	37			嫂							㛮														
U+2F868	㛼	3	0	0			10	37			㛼							㛼														
U+2F869	嬈	3	0	0			14	37										嬈														
U+2F86A	嬾	3	0	0			19	37			嬾							嬾														
U+2F86B	嬾	3	0	0			19	37			嬾							嬾														
U+2F86C	𡧈	3	0	0			6	39			宇							𡧈														
U+2F86D	寃	3	0	0			11	39			冤							寃														
U+2F86E	寘	3	0	0			13	39										寘														
U+2F86F	寧	3	0	0			14	39			寧							寧														
U+2F870	寳	3	0	0			19	39			寶							寳														
U+2F871	𡬘	3	0	0			24	39			𡬘							𡬘														
U+2F872	寿	3	0	0			7	40			壽							寿														
U+2F873	将	3	0	0			10	40			將							将														
U+2F874	当	3	0	0			6	41			當							当														
U+2F875	尢	3	0	0			3	42			尤尢							尢														
U+2F876	㞁	3	0	0			9	42			㞁							㞁														
U+2F877	屠	3	0	0			12	43			屠							屠														
U+2F878	屮	3	0	0			3	44			屮屮							屮						cit3								
U+2F879	峀	3	0	0			8	45										峀														
U+2F87A	岍	3	0	0			9	45			岍							岍														
U+2F87B	𡷤	3	0	0			10	45			峿							𡷤														
U+2F87C	嵃	3	0	0			12	45			嵃							嵃														
U+2F87D	𡷦	3	0	0			12	45			岊							𡷦														
U+2F87E	嵮	3	0	0			13	45			巔							嵮														
U+2F87F	嵫	3	0	0			12	45			嵫							嵫														
U+2F880	嵼	3	0	0			14	45			嵼							嵼														
U+2F881	巡	3	0	0			6	46			巡							巡														
U+2F882	巢	3	0	0			13	46			巢							巢														
U+2F883	㠯	3	0	0			5	48										㠯														
U+2F884	巽	3	0	0			12	48			巽							巽														
U+2F885	帨	3	0	0			10	49			帨							帨														
U+2F886	帽	3	0	0			12	49			帽							帽														
U+2F887	幩	3	0	0			16	49			幩							幩														
U+2F888	㡢	3	0	0			16	49			幔							㡢														
U+2F889	𢆃	3	0	0			25	49			㡪							𢆃														
U+2F88A	㡼	3	0	0			9	52			𢇸							㡼														
U+2F88B	庰	3	0	0			11	52			庰							庰														
U+2F88C	庳	3	0	0			10	52			庳							庳														
U+2F88D	庶	3	0	0			11	52			庶							庶														
U+2F88E	廊	3	0	0			13	52			廊							廊														
U+2F88F	𪎒	3	0	0			14	199			梵							𪎒														
U+2F890	廾	3	0	0			4	54			竹廾							廾														
U+2F891	𢌱	3	0	0			6	54			與							𢌱														
U+2F892	𢌱	3	0	0			7	54			與							𢌱														
U+2F893	舁	3	0	0			9	133			舁							舁														
U+2F894	弢	3	0	0			8	56										弢						tou1								
U+2F895	弢	3	0	0			8	56										弢														
U+2F896	㣇	3	0	0			8	57			㣇							㣇														
U+2F897	𣊸	3	0	0			16	71			䝆							𣊸														
U+2F898	𦇚	3	0	0			22	119			彝							𦇚														
U+2F899	形	3	0	0			9	58			形							形														
U+2F89A	彫	3	0	0			11	58			彫							彫														
U+2F89B	㣣	3	0	0			10	59										㣣														
U+2F89C	徚	3	0	0			11	59										徚														
U+2F89D	忍	3	0	0			7	60			忍							忍														
U+2F89E	志	3	0	0			7	60										志														
U+2F89F	忹	3	0	0			7	60			狂							忹														
U+2F8A0	悁	3	0	0			9	60			悁							悁														
U+2F8A1	㤺	3	0	0			9	60										㤺														
U+2F8A2	㤜	3	0	0			9	60										㤜														
U+2F8A3	悔	3	0	0			9	60			悔							悔														
U+2F8A4	𢛔	3	0	0			12	60			𢛔懶嬾							𢛔														
U+2F8A5	惇	3	0	0			12	60			惇							惇														
U+2F8A6	慈	3	0	0			13	60			慈							慈						ci4								
U+2F8A7	慌	3	0	0			12	60			慌							慌														
U+2F8A8	慎	3	0	0			13	60			慎							慎														
U+2F8A9	慌	3	0	0			12	60			慌							慌														
U+2F8AA	慺	3	0	0			14	60										慺														
U+2F8AB	憎	3	0	0			14	60			憎							憎														
U+2F8AC	憲	3	0	0			16	60			憲							憲														
U+2F8AD	憤	3	0	0			16	60			憤							憤														
U+2F8AE	憯	3	0	0			15	60			憯							憯														
U+2F8AF	懞	3	0	0			17	60			懞							懞														
U+2F8B0	懲	3	0	0			18	60			懲							懲														
U+2F8B1	懶	3	0	0			19	60			懶嬾							懶														
U+2F8B2	成	3	0	0			7	61			成							成														
U+2F8B3	戛	3	0	0			11	61			戛							戛														
U+2F8B4	扝	3	0	0			6	63			扝扜							扝														
U+2F8B5	抱	3	0	0			8	63			抱							抱														
U+2F8B6	拔	3	0	0			8	63			拔							拔														
U+2F8B7	捐	3	0	0			9	63			捐							捐														
U+2F8B8	𢬌	3	0	0			9	63										𢬌														
U+2F8B9	挽	3	0	0			10	63			挽							挽														
U+2F8BA	拼	3	0	0			11	63			拼							拼														
U+2F8BB	捨	3	0	0			11	63			捨							捨														
U+2F8BC	掃	3	0	0			11	63			掃							掃														
U+2F8BD	揤	3	0	0			12	63			揤							揤														
U+2F8BE	𢯱	3	0	0			12	63			搜							𢯱														
U+2F8BF	搢	3	0	0			13	63										搢	to stick into; to shake					zeon3								
U+2F8C0	揅	3	0	0			15	63			揅							揅														
U+2F8C1	掩	3	0	0			13	63			掩							掩														
U+2F8C2	㨮	3	0	0			14	63										㨮														
U+2F8C3	摩	3	0	0			15	63			摩							摩														
U+2F8C4	摾	3	0	0			15	63										摾														
U+2F8C5	撝	3	0	0			15	63			撝							撝														
U+2F8C6	摷	3	0	0			16	63			摷							摷														
U+2F8C7	㩬	3	0	0			18	63										㩬														
U+2F8C8	敏	3	0	0			10	65			敏							敏														
U+2F8C9	敬	3	0	0			12	65			敬							敬														
U+2F8CA	𣀊	3	0	0			17	65										𣀊														
U+2F8CB	旣	3	0	0			11	70			既							旣														
U+2F8CC	書	3	0	0			10	72			書晝							書														
U+2F8CD	晉	3	0	0			11	71										晉						zeon3								
U+2F8CE	㬙	3	0	0			13	71										㬙														
U+2F8CF	暑	3	0	0			13	71			暑							暑														
U+2F8D0	㬈	3	0	0			14	71			㬈							㬈														
U+2F8D1	㫤	3	0	0			9	71										㫤														
U+2F8D2	冒	3	0	0			9	12			冒	冒						冒	risk, brave, dare					mou6								
U+2F8D3	冕	3	0	0			11	12			冕							冕														
U+2F8D4	最	3	0	0			12	72			最							最														
U+2F8D5	暜	3	0	0			14	71			暜替							暜														
U+2F8D6	肭	3	0	0			8	129			朒							肭														
U+2F8D7	䏙	3	0	0			8	129			䏙							䏙														
U+2F8D8	朗	3	0	0			11	73			朗							朗														
U+2F8D9	望	3	0	0			11	73			望							望														
U+2F8DA	朡	3	0	0			13	73			艐𣍶							朡														
U+2F8DB	杞	3	0	0			7	74			㭒							杞														
U+2F8DC	杓	3	0	0			7	74			杓							杓														
U+2F8DD	𣏃	3	0	0			7	74										𣏃														
U+2F8DE	㭉	3	0	0			8	74			鏵							㭉														
U+2F8DF	柺	3	0	0			9	74			枴							柺														
U+2F8E0	枅	3	0	0			10	74			枅							枅	tie beam; davit					gai1								
U+2F8E1	桒	3	0	0			10	74			未桑							桒														
U+2F8E2	梅	3	0	0			10	74			梅							梅														
U+2F8E3	𣑭	3	0	0			10	74			柵							𣑭														
U+2F8E4	梎	3	0	0			11	74										梎														
U+2F8E5	栟	3	0	0			12	74			栟							栟														
U+2F8E6	椔	3	0	0			13	74			椔							椔														
U+2F8E7	㮝	3	0	0			13	74			㮝							㮝														
U+2F8E8	楂	3	0	0			13	74			楂							楂														
U+2F8E9	榣	3	0	0			14	74			榣							榣														
U+2F8EA	槪	3	0	0			15	74			概							槪														
U+2F8EB	檨	3	0	0			16	74										檨														
U+2F8EC	𣚣	3	0	0			15	74										𣚣														
U+2F8ED	櫛	3	0	0			19	74			櫛							櫛														
U+2F8EE	㰘	3	0	0			22	74			㰘							㰘														
U+2F8EF	次	3	0	0			6	75			次							次														
U+2F8F0	𣢧	3	0	0			12	75			𣢒							𣢧														
U+2F8F1	歔	3	0	0			15	75			歔							歔														
U+2F8F2	㱎	3	0	0			24	75			㱎							㱎														
U+2F8F3	歲	3	0	0			14	76										歲														
U+2F8F4	殟	3	0	0			13	77			殟							殟														
U+2F8F5	殺	3	0	0			10	78			殺							殺														
U+2F8F6	殻	3	0	0			11	78										殻														
U+2F8F7	𣪍	3	0	0			12	78			殿							𣪍														
U+2F8F8	𡴋	3	0	0			8	44			每							𡴋														
U+2F8F9	𣫺	3	0	0			14	79										𣫺														
U+2F8FA	汎	3	0	0			6	84			汎汍							汎														
U+2F8FB	𣲼	3	0	0			7	84										𣲼														
U+2F8FC	沿	3	0	0			8	84			沿							沿														
U+2F8FD	泍	3	0	0			8	84			泲							泍														
U+2F8FE	汧	3	0	0			9	84			汧							汧														
U+2F8FF	洖	3	0	0			10	84			洖							洖														
U+2F900	派	3	0	0			9	84			派							派														
U+2F901	海	3	0	0			9	84			海							海														
U+2F902	流	3	0	0			10	84			流							流														
U+2F903	浩	3	0	0			10	84			浩							浩														
U+2F904	浸	3	0	0			10	84			浸							浸														
U+2F905	涅	3	0	0			10	84			涅							涅														
U+2F906	𣴞	3	0	0			10	84										𣴞														
U+2F907	洴	3	0	0			11	84			洴							洴	(Cant.) mud, mire					baan6								
U+2F908	港	3	0	0			12	84			港							港														
U+2F909	湮	3	0	0			12	84			湮							湮														
U+2F90A	㴳	3	0	0			13	84			㴳							㴳														
U+2F90B	滋	3	0	0			12	84			滋							滋														
U+2F90C	滇	3	0	0			13	84			滇							滇														
U+2F90D	𣻑	3	0	0			13	84										𣻑														
U+2F90E	淹	3	0	0			13	84			淹							淹														
U+2F90F	潮	3	0	0			15	84			潮							潮														
U+2F910	𣽞	3	0	0			15	84			厬							𣽞														
U+2F911	𣾎	3	0	0			15	84										𣾎														
U+2F912	濆	3	0	0			16	84			濆							濆														
U+2F913	瀹	3	0	0			16	84										瀹														
U+2F914	瀞	3	0	0			17	84										瀞														
U+2F915	瀛	3	0	0			20	84			瀛							瀛														
U+2F916	㶖	3	0	0			21	84			㶖							㶖														
U+2F917	灊	3	0	0			21	84			灊							灊														
U+2F918	災	3	0	0			8	85			災							災														
U+2F919	灷	3	0	0			8	85			灷							灷														
U+2F91A	炭	3	0	0			9	85			炭							炭														
U+2F91B	𠔥	3	0	0			12	11			兼							𠔥														
U+2F91C	煅	3	0	0			13	85										煅														
U+2F91D	𤉣	3	0	0			13	85			災							𤉣														
U+2F91E	熜	3	0	0			15	85										熜														
U+2F91F	𤎫	3	0	0			16	85										𤎫														
U+2F920	爨	3	0	0			29	85										爨														
U+2F921	爵	3	0	0			17	86			爵							爵														
U+2F922	牐	3	0	0			11	90			牐							牐														
U+2F923	𤘈	3	0	0			10	91			牙							𤘈														
U+2F924	犀	3	0	0			11	92			犀							犀														
U+2F925	犕	3	0	0			14	92			犕							犕														
U+2F926	𤜵	3	0	0			9	93			𤜵							𤜵														
U+2F927	𤠔	3	0	0			12	93			猿							𤠔														
U+2F928	獺	3	0	0			19	93			獺							獺														
U+2F929	王	3	0	0			4	95			玉							王														
U+2F92A	㺬	3	0	0			7	95										㺬														
U+2F92B	玥	3	0	0			8	95										玥														
U+2F92C	㺸	3	0	0			9	95										㺸														
U+2F92D	㺸	3	0	0			10	95										㺸														
U+2F92E	瑇	3	0	0			12	95			玳							瑇														
U+2F92F	瑜	3	0	0			13	95										瑜														
U+2F930	瑱	3	0	0			14	95			瑱							瑱														
U+2F931	璅	3	0	0			17	95			瑣璅							璅														
U+2F932	瓊	3	0	0			19	95										瓊														
U+2F933	㼛	3	0	0			10	97			鈃							㼛														
U+2F934	甤	3	0	0			12	99			蕤							甤														
U+2F935	𤰶	3	0	0			9	101			申							𤰶														
U+2F936	甾	3	0	0			9	101			甾菑							甾														
U+2F937	𤲒	3	0	0			11	101										𤲒														
U+2F938	異	3	0	0			11	101			異							異														
U+2F939	𢆟	3	0	0			13	50										𢆟														
U+2F93A	瘐	3	0	0			11	103			𤵨							瘐														
U+2F93B	𤾡	3	0	0			14	105										𤾡														
U+2F93C	𤾸	3	0	0			20	105			蘤							𤾸														
U+2F93D	𥁄	3	0	0			8	107			盂							𥁄														
U+2F93E	㿼	3	0	0			11	107			㿼							㿼														
U+2F93F	䀈	3	0	0			16	107										䀈														
U+2F940	直	3	0	0			8	108			直							直														
U+2F941	𥃳	3	0	0			8	108			盱							𥃳														
U+2F942	𥃲	3	0	0			9	108			具							𥃲														
U+2F943	𥄙	3	0	0			9	108			視							𥄙														
U+2F944	𥄳	3	0	0			10	108			眔𥄳							𥄳														
U+2F945	眞	3	0	0			9	108										眞														
U+2F946	真	3	0	0			10	108			真							真														
U+2F947	真	3	0	0			10	108			真							真														
U+2F948	睊	3	0	0			11	108			睊							睊														
U+2F949	䀹	3	0	0			12	108			眨睫							䀹														
U+2F94A	瞋	3	0	0			15	108										瞋														
U+2F94B	䁆	3	0	0			15	108			䁆							䁆														
U+2F94C	䂖	3	0	0			6	111			石							䂖														
U+2F94D	𥐝	3	0	0			8	111										𥐝														
U+2F94E	硎	3	0	0			13	111			硎							硎														
U+2F94F	碌	3	0	0			13	111			碌							碌														
U+2F950	磌	3	0	0			15	111			磌							磌														
U+2F951	䃣	3	0	0			17	111			毀							䃣														
U+2F952	𥘦	3	0	0			8	112										𥘦														
U+2F953	祖	3	0	0			9	112			祖							祖														
U+2F954	𥚚	3	0	0			12	112										𥚚														
U+2F955	𥛅	3	0	0			14	112										𥛅														
U+2F956	福	3	0	0			14	112			福							福														
U+2F957	秫	3	0	0			10	114			秫							秫														
U+2F958	䄯	3	0	0			11	114			𢆞𢆚							䄯														
U+2F959	穀	3	0	0			14	114										穀														
U+2F95A	穊	3	0	0			16	114			穊							穊														
U+2F95B	穏	3	0	0			16	114			穩							穏														
U+2F95C	𥥼	3	0	0			14	115			爵							𥥼														
U+2F95D	𥪧	3	0	0			15	116			𥪧							𥪧														
U+2F95E	𥪧	3	0	0			15	116			𥪧							𥪧														
U+2F95F	竮	3	0	0			16	116			竮							竮														
U+2F960	䈂	3	0	0			14	117										䈂														
U+2F961	𥮫	3	0	0			14	117			冊							𥮫														
U+2F962	篆	3	0	0			15	117										篆														
U+2F963	築	3	0	0			15	117			築							築														
U+2F964	䈧	3	0	0			18	117			䈧							䈧														
U+2F965	𥲀	3	0	0			19	117										𥲀														
U+2F966	糒	3	0	0			16	118			糒							糒														
U+2F967	䊠	3	0	0			17	118			餼							䊠														
U+2F968	糨	3	0	0			18	118			漿糨							糨														
U+2F969	糣	3	0	0			18	118			糝							糣														
U+2F96A	紀	3	0	0			9	119			紀							紀														
U+2F96B	𥾆	3	0	0			8	119			糾							𥾆														
U+2F96C	絣	3	0	0			14	119			絣							絣														
U+2F96D	䌁	3	0	0			15	119										䌁														
U+2F96E	緇	3	0	0			15	119			緇							緇														
U+2F96F	縂	3	0	0			15	119			總							縂														
U+2F970	繅	3	0	0			19	119			繅							繅														
U+2F971	䌴	3	0	0			23	119			䌴							䌴														
U+2F972	𦈨	3	0	0			12	120			𦈨							𦈨														
U+2F973	𦉇	3	0	0			17	120			缾							𦉇														
U+2F974	䍙	3	0	0			12	121										䍙														
U+2F975	𦋙	3	0	0			16	121			罨							𦋙														
U+2F976	罺	3	0	0			18	121			罺							罺														
U+2F977	𦌾	3	0	0			24	121			罥𦌾							𦌾														
U+2F978	羕	3	0	0			12	122			羕							羕														
U+2F979	翺	3	0	0			16	123										翺														
U+2F97A	者	3	0	0			9	124			者							者														
U+2F97B	𦓚	3	0	0			15	125			𦓚							𦓚														
U+2F97C	𦔣	3	0	0			16	126										𦔣														
U+2F97D	聠	3	0	0			14	127			聠							聠														
U+2F97E	𦖨	3	0	0			14	127			𦖨							𦖨														
U+2F97F	聰	3	0	0			17	127										聰														
U+2F980	𣍟	3	0	0			7	73			𣍟肯							𣍟														
U+2F981	䏕	3	0	0			8	129			飪							䏕														
U+2F982	育	3	0	0			8	129			育							育														
U+2F983	脃	3	0	0			10	129			脆							脃														
U+2F984	䐋	3	0	0			12	129			䐋							䐋														
U+2F985	脾	3	0	0			11	129			脾							脾														
U+2F986	媵	3	0	0			13	37										媵														
U+2F987	𦞧	3	0	0			14	129										𦞧														
U+2F988	𦞵	3	0	0			14	129										𦞵														
U+2F989	𣎓	3	0	0			15	73			𦛔							𣎓														
U+2F98A	𣎜	3	0	0			17	73			孕							𣎜														
U+2F98B	舁	3	0	0			9	133			舁							舁														
U+2F98C	舄	3	0	0			11	133										舄														
U+2F98D	辞	3	0	0			13	159			辭							辞														
U+2F98E	䑫	3	0	0			14	136			䑫							䑫														
U+2F98F	芑	3	0	0			6	139			芑							芑														
U+2F990	芋	3	0	0			6	139			芋							芋														
U+2F991	芝	3	0	0			6	139			芝							芝														
U+2F992	劳	3	0	0			8	18										劳														
U+2F993	花	3	0	0			7	139			花							花														
U+2F994	芳	3	0	0			10	139										芳						fong1								
U+2F995	芽	3	0	0			7	139			芽							芽														
U+2F996	苦	3	0	0			8	139			苦							苦														
U+2F997	𦬼	3	0	0			9	139			苶							𦬼														
U+2F998	若	3	0	0			8	139			若							若														
U+2F999	茝	3	0	0			10	139			茝							茝														
U+2F99A	荣	3	0	0			10	139										荣														
U+2F99B	莭	3	0	0			11	139										莭														
U+2F99C	茣	3	0	0			10	139			䓊							茣														
U+2F99D	莽	3	0	0			10	139										莽														
U+2F99E	菧	3	0	0			10	139			菧							菧														
U+2F99F	著	3	0	0			11	139			著							著														
U+2F9A0	荓	3	0	0			11	139			荓							荓														
U+2F9A1	菊	3	0	0			11	139			菊							菊														
U+2F9A2	菌	3	0	0			11	139			菌							菌														
U+2F9A3	菜	3	0	0			11	139			菜							菜														
U+2F9A4	𦰶	3	0	0			12	139										𦰶														
U+2F9A5	𦵫	3	0	0			13	139			𦵫							𦵫														
U+2F9A6	𦳕	3	0	0			13	139			草							𦳕														
U+2F9A7	䔫	3	0	0			14	139										䔫														
U+2F9A8	蓱	3	0	0			14	139			萍蓱							蓱														
U+2F9A9	蓳	3	0	0			15	139			菫蓳							蓳														
U+2F9AA	蔖	3	0	0			14	139			蔖							蔖														
U+2F9AB	𧏊	3	0	0			16	141			𧏊莔							𧏊														
U+2F9AC	蕤	3	0	0			15	139										蕤														
U+2F9AD	𦼬	3	0	0			17	139			菹							𦼬														
U+2F9AE	䕝	3	0	0			17	139										䕝														
U+2F9AF	䕡	3	0	0			17	139			䕡							䕡														
U+2F9B0	𦾱	3	0	0			19	139			𦾱							𦾱														
U+2F9B1	𧃒	3	0	0			20	139			𧃒							𧃒														
U+2F9B2	䕫	3	0	0			21	139										䕫														
U+2F9B3	虐	3	0	0			9	140			虐							虐														
U+2F9B4	虜	3	0	0			13	140			虜							虜														
U+2F9B5	虧	3	0	0			17	140			虧							虧														
U+2F9B6	虩	3	0	0			19	140			虩							虩														
U+2F9B7	蚩	3	0	0			11	141			蚩							蚩														
U+2F9B8	蚈	3	0	0			12	141										蚈														
U+2F9B9	蜎	3	0	0			12	141			蜎							蜎														
U+2F9BA	蛢	3	0	0			14	141			蛢							蛢														
U+2F9BB	蝹	3	0	0			15	141			蝹							蝹														
U+2F9BC	蜨	3	0	0			15	141										蜨						sip3								
U+2F9BD	蝫	3	0	0			15	141			蝫							蝫														
U+2F9BE	螆	3	0	0			15	141										螆														
U+2F9BF	䗗	3	0	0			18	141			䗗							䗗														
U+2F9C0	蟡	3	0	0			18	141			蟡							蟡														
U+2F9C1	蠁	3	0	0			19	141			蠁							蠁														
U+2F9C2	䗹	3	0	0			19	141			蛓							䗹														
U+2F9C3	衠	3	0	0			16	143										衠														
U+2F9C4	衣	3	0	0			6	144			衣							衣														
U+2F9C5	𧙧	3	0	0			9	144			𧙒𧙧							𧙧														
U+2F9C6	裗	3	0	0			12	144			裗							裗														
U+2F9C7	裞	3	0	0			12	144			裞							裞														
U+2F9C8	䘵	3	0	0			13	144										䘵														
U+2F9C9	裺	3	0	0			15	144			裺							裺														
U+2F9CA	㒻	3	0	0			11	12										㒻														
U+2F9CB	𧢮	3	0	0			26	146										𧢮														
U+2F9CC	𧥦	3	0	0			10	148			𧥦訏							𧥦														
U+2F9CD	䚾	3	0	0			11	148			誑							䚾														
U+2F9CE	䛇	3	0	0			12	148										䛇														
U+2F9CF	誠	3	0	0			14	148			誠							誠														
U+2F9D0	諭	3	0	0			16	148			諭							諭														
U+2F9D1	變	3	0	0			22	148			變							變														
U+2F9D2	豕	3	0	0			6	151			豕							豕														
U+2F9D3	𧲨	3	0	0			13	152			𧲨							𧲨														
U+2F9D4	貫	3	0	0			12	153										貫						gun3								
U+2F9D5	賁	3	0	0			13	153			賁							賁														
U+2F9D6	贛	3	0	0			24	153			贛							贛														
U+2F9D7	起	3	0	0			10	155			起							起														
U+2F9D8	𧼯	3	0	0			16	155			𧼯							𧼯														
U+2F9D9	𠠄	3	0	0			16	17			㨄							𠠄														
U+2F9DA	跋	3	0	0			12	156										跋														
U+2F9DB	趼	3	0	0			13	156			趼							趼														
U+2F9DC	跰	3	0	0			15	156			跰							跰														
U+2F9DD	𠣞	3	0	0			9	19										𠣞														
U+2F9DE	軔	3	0	0			10	158			軔							軔														
U+2F9DF	輸	3	0	0			16	158			輸							輸														
U+2F9E0	𨗒	3	0	0			15	161			霆							𨗒														
U+2F9E1	𨗭	3	0	0			15	161			遺							𨗭														
U+2F9E2	邔	3	0	0			6	162			邔							邔														
U+2F9E3	郱	3	0	0			11	162			郱							郱														
U+2F9E4	鄑	3	0	0			13	162			鄑							鄑														
U+2F9E5	𨜮	3	0	0			12	162			卿鄉							𨜮														
U+2F9E6	鄛	3	0	0			16	162			鄛							鄛														
U+2F9E7	鈸	3	0	0			13	166										鈸														
U+2F9E8	鋗	3	0	0			14	166			鋗							鋗														
U+2F9E9	鋘	3	0	0			15	166			鋘							鋘														
U+2F9EA	鉼	3	0	0			16	166			鉼							鉼														
U+2F9EB	鏹	3	0	0			20	166			镪							鏹														
U+2F9EC	鐕	3	0	0			20	166			鐕							鐕														
U+2F9ED	𨯺	3	0	0			24	166										𨯺														
U+2F9EE	開	3	0	0			14	168			開							開														
U+2F9EF	䦕	3	0	0			16	168			閛							䦕														
U+2F9F0	閷	3	0	0			16	168			殺閷							閷														
U+2F9F1	𨵷	3	0	0			18	168										𨵷														
U+2F9F2	䧦	3	0	0			12	169			鄬							䧦														
U+2F9F3	雃	3	0	0			14	171			雃							雃														
U+2F9F4	嶲	3	0	0			15	45			雟							嶲														
U+2F9F5	霣	3	0	0			17	172			霣							霣														
U+2F9F6	𩅅	3	0	0			17	172										𩅅														
U+2F9F7	𩈚	3	0	0			17	175			𩈚							𩈚														
U+2F9F8	䩮	3	0	0			17	176										䩮														
U+2F9F9	䩶	3	0	0			19	176			䩶							䩶														
U+2F9FA	韠	3	0	0			21	177										韠														
U+2F9FB	𩐊	3	0	0			20	178			齏							𩐊														
U+2F9FC	䪲	3	0	0			12	180										䪲														
U+2F9FD	𩒖	3	0	0			13	180			𩒖							𩒖														
U+2F9FE	頋	3	0	0			13	180			頋							頋														
U+2F9FF	頋	3	0	0			14	180			顧							頋														
U+2FA00	頩	3	0	0			17	180			頩							頩														
U+2FA01	𩖶	3	0	0			14	181			𩖶							𩖶														
U+2FA02	飢	3	0	0			10	183			𩚬							飢														
U+2FA03	䬳	3	0	0			13	183			粄							䬳														
U+2FA04	餩	3	0	0			16	183			餩							餩														
U+2FA05	馧	3	0	0			18	185			蒕馧							馧														
U+2FA06	駂	3	0	0			14	186			駂							駂														
U+2FA07	駾	3	0	0			17	186			駾							駾														
U+2FA08	䯎	3	0	0			14	187			骭							䯎														
U+2FA09	𩬰	3	0	0			16	189										𩬰														
U+2FA0A	鬒	3	0	0			20	189			鬒							鬒														
U+2FA0B	鱀	3	0	0			22	194			鱀							鱀														
U+2FA0C	鳽	3	0	0			17	195			鳽							鳽														
U+2FA0D	䳎	3	0	0			17	195			䳔							䳎														
U+2FA0E	䳭	3	0	0			18	195			鶺							䳭														
U+2FA0F	鵧	3	0	0			19	195			鵧							鵧														
U+2FA10	𪃎	3	0	0			20	195			𪃎							𪃎														
U+2FA11	䳸	3	0	0			22	195			䳸							䳸														
U+2FA12	𪄅	3	0	0			21	195			𪄅							𪄅														
U+2FA13	𪈎	3	0	0			27	195										𪈎														
U+2FA14	𪊑	3	0	0			17	197			麉							𪊑														
U+2FA15	麻	3	0	0			11	199			麻							麻														
U+2FA16	䵖	3	0	0			21	201										䵖														
U+2FA17	黹	3	0	0			13	203			黹							黹														
U+2FA18	黾	3	0	0			8	204			龜黽							黾														
U+2FA19	鼅	3	0	0			21	204			鼅							鼅														
U+2FA1A	鼏	3	0	0			15	205										鼏														
U+2FA1B	鼖	3	0	0			19	206			鼖							鼖														
U+2FA1C	鼻	3	0	0			14	208			鼻							鼻														
U+2FA1D	𪘀	3	0	0			23	210			𪘀							𪘀														