U+2F800,丽,3,0,0,,,8,一部,,,,
U+2F801,丸,3,0,0,,,3,丶部,,,,
U+2F802,乁,3,0,0,,,1,丿部,,,,
U+2F803,𠄢,3,0,0,,,7,二部,,,,
U+2F804,你,3,0,0,,,7,人部,,,,
U+2F805,侮,3,0,0,,,8,人部,,,,
U+2F806,侻,3,0,0,,,9,人部,,,,
U+2F807,倂,3,0,0,,,10,人部,,,,
U+2F808,偺,3,0,0,,,11,人部,,,,
U+2F809,備,3,0,0,,,13,人部,,,,
U+2F80A,僧,3,0,0,,,13,人部,,,,
U+2F80B,像,3,0,0,,,14,人部,,,,
U+2F80C,㒞,3,0,0,,,17,人部,,,,
U+2F80D,𠘺,3,0,0,,,6,几部,,,,
U+2F80E,免,3,0,0,,,7,儿部,,,,
U+2F80F,兔,3,0,0,,,8,儿部,,,,
U+2F810,兤,3,0,0,,,20,儿部,,,,
U+2F811,具,3,0,0,,,8,八部,,,,
U+2F812,𠔜,3,0,0,,,10,八部,,,,
U+2F813,㒹,3,0,0,,,20,八部,,,,
U+2F814,內,3,0,0,,,4,入部,,,,
U+2F815,再,3,0,0,,,6,冂部,,,,
U+2F816,𠕋,3,0,0,,,6,冂部,,,,
U+2F817,冗,3,0,0,,,4,冖部,,,,
U+2F818,冤,3,0,0,,,10,冖部,,,,
U+2F819,仌,3,0,0,,,4,人部,,,,
U+2F81A,冬,3,0,0,,,5,冫部,,,,
U+2F81B,况,3,0,0,,,7,冫部,,,,
U+2F81C,𩇟,3,0,0,,,17,靑部,,,,
U+2F81D,凵,3,0,0,,,2,凵部,,,,
U+2F81E,刃,3,0,0,,,3,刀部,,,,
U+2F81F,㓟,3,0,0,,,7,刀部,,,,
U+2F820,刻,3,0,0,,,8,刀部,,,,
U+2F821,剆,3,0,0,,,9,刀部,,,,
U+2F822,割,3,0,0,,,12,刀部,,,,
U+2F823,剷,3,0,0,,,13,刀部,,,,
U+2F824,㔕,3,0,0,,,6,力部,,,,
U+2F825,勇,3,0,0,,,9,力部,,,,
U+2F826,勉,3,0,0,,,9,力部,,,,
U+2F827,勤,3,0,0,,,12,力部,,,,
U+2F828,勺,3,0,0,,,3,勹部,,,,
U+2F829,包,3,0,0,,,5,勹部,,,,
U+2F82A,匆,3,0,0,,,5,勹部,,,,
U+2F82B,北,3,0,0,,,5,匕部,,,,
U+2F82C,卉,3,0,0,,,6,十部,,,,
U+2F82D,卑,3,0,0,,,9,十部,,,,
U+2F82E,博,3,0,0,,,12,十部,,,,
U+2F82F,即,3,0,0,,,8,卩部,,,,
U+2F830,卽,3,0,0,,,9,卩部,,,,
U+2F831,卿,3,0,0,,,11,卩部,,,,
U+2F832,卿,3,0,0,,,11,卩部,,,,
U+2F833,卿,3,0,0,,,12,卩部,,,,
U+2F834,𠨬,3,0,0,,,4,厂部,,,,
U+2F835,灰,3,0,0,,,6,厂部,,,,
U+2F836,及,3,0,0,,,3,又部,,,,
U+2F837,叟,3,0,0,,,7,又部,,,,
U+2F838,𠭣,3,0,0,,,11,又部,,,,
U+2F839,叫,3,0,0,,,5,口部,,,,
U+2F83A,叱,3,0,0,,,5,口部,,,,
U+2F83B,吆,3,0,0,,,6,口部,,,,
U+2F83C,咞,3,0,0,,,7,口部,,,,
U+2F83D,吸,3,0,0,,,6,口部,,,,
U+2F83E,呈,3,0,0,,,7,口部,,,,
U+2F83F,周,3,0,0,,,8,口部,,,,
U+2F840,咢,3,0,0,,,9,口部,,,,
U+2F841,哶,3,0,0,,,10,口部,,,,
U+2F842,唐,3,0,0,,,10,口部,,,,
U+2F843,啓,3,0,0,,,11,口部,,,,
U+2F844,啣,3,0,0,,,11,口部,,,,
U+2F845,善,3,0,0,,,12,口部,,,,
U+2F846,善,3,0,0,,,12,口部,,,,
U+2F847,喙,3,0,0,,,12,口部,,,,
U+2F848,喫,3,0,0,,,12,口部,,,,
U+2F849,喳,3,0,0,,,12,口部,,,,
U+2F84A,嗂,3,0,0,,,13,口部,,,,
U+2F84B,圖,3,0,0,,,13,囗部,,,,
U+2F84C,嘆,3,0,0,,,13,口部,,,,
U+2F84D,圗,3,0,0,,,14,囗部,,,,
U+2F84E,噑,3,0,0,,,15,口部,,,,
U+2F84F,噴,3,0,0,,,16,口部,,,,
U+2F850,切,3,0,0,,,5,刀部,,,,
U+2F851,壮,3,0,0,,,6,士部,,,,
U+2F852,城,3,0,0,,,10,土部,,,,
U+2F853,埴,3,0,0,,,11,土部,,,,
U+2F854,堍,3,0,0,,,11,土部,,,,
U+2F855,型,3,0,0,,,11,土部,,,,
U+2F856,堲,3,0,0,,,12,土部,,,,
U+2F857,報,3,0,0,,,13,土部,,,,
U+2F858,墬,3,0,0,,,15,土部,,,,
U+2F859,𡓤,3,0,0,,,18,土部,,,,
U+2F85A,売,3,0,0,,,7,士部,,,,
U+2F85B,壷,3,0,0,,,13,士部,,,,
U+2F85C,夆,3,0,0,,,7,夂部,,,,
U+2F85D,多,3,0,0,,,6,夕部,,,,
U+2F85E,夢,3,0,0,,,13,夕部,,,,
U+2F85F,奢,3,0,0,,,12,大部,,,,
U+2F860,𡚨,3,0,0,,,5,女部,,,,
U+2F861,𡛪,3,0,0,,,9,女部,,,,
U+2F862,姬,3,0,0,,,10,女部,,,,
U+2F863,娛,3,0,0,,,10,女部,,,,
U+2F864,娧,3,0,0,,,10,女部,,,,
U+2F865,姘,3,0,0,,,11,女部,,,,
U+2F866,婦,3,0,0,,,11,女部,,,,
U+2F867,㛮,3,0,0,,,12,女部,,,,
U+2F868,㛼,3,0,0,,,10,女部,,,,
U+2F869,嬈,3,0,0,,,14,女部,,,,
U+2F86A,嬾,3,0,0,,,19,女部,,,,
U+2F86B,嬾,3,0,0,,,19,女部,,,,
U+2F86C,𡧈,3,0,0,,,6,宀部,,,,
U+2F86D,寃,3,0,0,,,11,宀部,,,,
U+2F86E,寘,3,0,0,,,13,宀部,,,,
U+2F86F,寧,3,0,0,,,14,宀部,,,,
U+2F870,寳,3,0,0,,,19,宀部,,,,
U+2F871,𡬘,3,0,0,,,24,宀部,,,,
U+2F872,寿,3,0,0,,,7,寸部,,,,
U+2F873,将,3,0,0,,,10,寸部,,,,
U+2F874,当,3,0,0,,,6,小部,,,,
U+2F875,尢,3,0,0,,,3,尢部,,,,
U+2F876,㞁,3,0,0,,,9,尢部,,,,
U+2F877,屠,3,0,0,,,12,尸部,,,,
U+2F878,屮,3,0,0,,,3,屮部,,,,
U+2F879,峀,3,0,0,,,8,山部,,,,
U+2F87A,岍,3,0,0,,,9,山部,,,,
U+2F87B,𡷤,3,0,0,,,10,山部,,,,
U+2F87C,嵃,3,0,0,,,12,山部,,,,
U+2F87D,𡷦,3,0,0,,,12,山部,,,,
U+2F87E,嵮,3,0,0,,,13,山部,,,,
U+2F87F,嵫,3,0,0,,,12,山部,,,,
U+2F880,嵼,3,0,0,,,14,山部,,,,
U+2F881,巡,3,0,0,,,6,巛部,,,,
U+2F882,巢,3,0,0,,,13,巛部,,,,
U+2F883,㠯,3,0,0,,,5,己部,,,,
U+2F884,巽,3,0,0,,,12,己部,,,,
U+2F885,帨,3,0,0,,,10,巾部,,,,
U+2F886,帽,3,0,0,,,12,巾部,,,,
U+2F887,幩,3,0,0,,,16,巾部,,,,
U+2F888,㡢,3,0,0,,,16,巾部,,,,
U+2F889,𢆃,3,0,0,,,25,巾部,,,,
U+2F88A,㡼,3,0,0,,,9,广部,,,,
U+2F88B,庰,3,0,0,,,11,广部,,,,
U+2F88C,庳,3,0,0,,,10,广部,,,,
U+2F88D,庶,3,0,0,,,11,广部,,,,
U+2F88E,廊,3,0,0,,,13,广部,,,,
U+2F88F,𪎒,3,0,0,,,14,麻部,,,,
U+2F890,廾,3,0,0,,,4,廾部,,,,
U+2F891,𢌱,3,0,0,,,6,廾部,,,,
U+2F892,𢌱,3,0,0,,,7,廾部,,,,
U+2F893,舁,3,0,0,,,9,臼部,,,,
U+2F894,弢,3,0,0,,,8,弓部,,,,
U+2F895,弢,3,0,0,,,8,弓部,,,,
U+2F896,㣇,3,0,0,,,8,彐部,,,,
U+2F897,𣊸,3,0,0,,,16,日部,,,,
U+2F898,𦇚,3,0,0,,,22,糸部,,,,
U+2F899,形,3,0,0,,,9,彡部,,,,
U+2F89A,彫,3,0,0,,,11,彡部,,,,
U+2F89B,㣣,3,0,0,,,10,彳部,,,,
U+2F89C,徚,3,0,0,,,11,彳部,,,,
U+2F89D,忍,3,0,0,,,7,心部,,,,
U+2F89E,志,3,0,0,,,7,心部,,,,
U+2F89F,忹,3,0,0,,,7,心部,,,,
U+2F8A0,悁,3,0,0,,,9,心部,,,,
U+2F8A1,㤺,3,0,0,,,9,心部,,,,
U+2F8A2,㤜,3,0,0,,,9,心部,,,,
U+2F8A3,悔,3,0,0,,,9,心部,,,,
U+2F8A4,𢛔,3,0,0,,,12,心部,,,,
U+2F8A5,惇,3,0,0,,,12,心部,,,,
U+2F8A6,慈,3,0,0,,,13,心部,,,,
U+2F8A7,慌,3,0,0,,,12,心部,,,,
U+2F8A8,慎,3,0,0,,,13,心部,,,,
U+2F8A9,慌,3,0,0,,,12,心部,,,,
U+2F8AA,慺,3,0,0,,,14,心部,,,,
U+2F8AB,憎,3,0,0,,,14,心部,,,,
U+2F8AC,憲,3,0,0,,,16,心部,,,,
U+2F8AD,憤,3,0,0,,,16,心部,,,,
U+2F8AE,憯,3,0,0,,,15,心部,,,,
U+2F8AF,懞,3,0,0,,,17,心部,,,,
U+2F8B0,懲,3,0,0,,,18,心部,,,,
U+2F8B1,懶,3,0,0,,,19,心部,,,,
U+2F8B2,成,3,0,0,,,7,戈部,,,,
U+2F8B3,戛,3,0,0,,,11,戈部,,,,
U+2F8B4,扝,3,0,0,,,6,手部,,,,
U+2F8B5,抱,3,0,0,,,8,手部,,,,
U+2F8B6,拔,3,0,0,,,8,手部,,,,
U+2F8B7,捐,3,0,0,,,9,手部,,,,
U+2F8B8,𢬌,3,0,0,,,9,手部,,,,
U+2F8B9,挽,3,0,0,,,10,手部,,,,
U+2F8BA,拼,3,0,0,,,11,手部,,,,
U+2F8BB,捨,3,0,0,,,11,手部,,,,
U+2F8BC,掃,3,0,0,,,11,手部,,,,
U+2F8BD,揤,3,0,0,,,12,手部,,,,
U+2F8BE,𢯱,3,0,0,,,12,手部,,,,
U+2F8BF,搢,3,0,0,,,13,手部,,,,
U+2F8C0,揅,3,0,0,,,15,手部,,,,
U+2F8C1,掩,3,0,0,,,13,手部,,,,
U+2F8C2,㨮,3,0,0,,,14,手部,,,,
U+2F8C3,摩,3,0,0,,,15,手部,,,,
U+2F8C4,摾,3,0,0,,,15,手部,,,,
U+2F8C5,撝,3,0,0,,,15,手部,,,,
U+2F8C6,摷,3,0,0,,,16,手部,,,,
U+2F8C7,㩬,3,0,0,,,18,手部,,,,
U+2F8C8,敏,3,0,0,,,10,攴部,,,,
U+2F8C9,敬,3,0,0,,,12,攴部,,,,
U+2F8CA,𣀊,3,0,0,,,17,攴部,,,,
U+2F8CB,旣,3,0,0,,,11,无部,,,,
U+2F8CC,書,3,0,0,,,10,曰部,,,,
U+2F8CD,晉,3,0,0,,,11,日部,,,,
U+2F8CE,㬙,3,0,0,,,13,日部,,,,
U+2F8CF,暑,3,0,0,,,13,日部,,,,
U+2F8D0,㬈,3,0,0,,,14,日部,,,,
U+2F8D1,㫤,3,0,0,,,9,日部,,,,
U+2F8D2,冒,3,0,0,,,9,冂部,,,,
U+2F8D3,冕,3,0,0,,,11,冂部,,,,
U+2F8D4,最,3,0,0,,,12,曰部,,,,
U+2F8D5,暜,3,0,0,,,14,日部,,,,
U+2F8D6,肭,3,0,0,,,8,肉部,,,,
U+2F8D7,䏙,3,0,0,,,8,肉部,,,,
U+2F8D8,朗,3,0,0,,,11,月部,,,,
U+2F8D9,望,3,0,0,,,11,月部,,,,
U+2F8DA,朡,3,0,0,,,13,月部,,,,
U+2F8DB,杞,3,0,0,,,7,木部,,,,
U+2F8DC,杓,3,0,0,,,7,木部,,,,
U+2F8DD,𣏃,3,0,0,,,7,木部,,,,
U+2F8DE,㭉,3,0,0,,,8,木部,,,,
U+2F8DF,柺,3,0,0,,,9,木部,,,,
U+2F8E0,枅,3,0,0,,,10,木部,,,,
U+2F8E1,桒,3,0,0,,,10,木部,,,,
U+2F8E2,梅,3,0,0,,,10,木部,,,,
U+2F8E3,𣑭,3,0,0,,,10,木部,,,,
U+2F8E4,梎,3,0,0,,,11,木部,,,,
U+2F8E5,栟,3,0,0,,,12,木部,,,,
U+2F8E6,椔,3,0,0,,,13,木部,,,,
U+2F8E7,㮝,3,0,0,,,13,木部,,,,
U+2F8E8,楂,3,0,0,,,13,木部,,,,
U+2F8E9,榣,3,0,0,,,14,木部,,,,
U+2F8EA,槪,3,0,0,,,15,木部,,,,
U+2F8EB,檨,3,0,0,,,16,木部,,,,
U+2F8EC,𣚣,3,0,0,,,15,木部,,,,
U+2F8ED,櫛,3,0,0,,,19,木部,,,,
U+2F8EE,㰘,3,0,0,,,22,木部,,,,
U+2F8EF,次,3,0,0,,,6,欠部,,,,
U+2F8F0,𣢧,3,0,0,,,12,欠部,,,,
U+2F8F1,歔,3,0,0,,,15,欠部,,,,
U+2F8F2,㱎,3,0,0,,,24,欠部,,,,
U+2F8F3,歲,3,0,0,,,14,止部,,,,
U+2F8F4,殟,3,0,0,,,13,歹部,,,,
U+2F8F5,殺,3,0,0,,,10,殳部,,,,
U+2F8F6,殻,3,0,0,,,11,殳部,,,,
U+2F8F7,𣪍,3,0,0,,,12,殳部,,,,
U+2F8F8,𡴋,3,0,0,,,8,屮部,,,,
U+2F8F9,𣫺,3,0,0,,,14,毋部,,,,
U+2F8FA,汎,3,0,0,,,6,水部,,,,
U+2F8FB,𣲼,3,0,0,,,7,水部,,,,
U+2F8FC,沿,3,0,0,,,8,水部,,,,
U+2F8FD,泍,3,0,0,,,8,水部,,,,
U+2F8FE,汧,3,0,0,,,9,水部,,,,
U+2F8FF,洖,3,0,0,,,10,水部,,,,
U+2F900,派,3,0,0,,,9,水部,,,,
U+2F901,海,3,0,0,,,9,水部,,,,
U+2F902,流,3,0,0,,,10,水部,,,,
U+2F903,浩,3,0,0,,,10,水部,,,,
U+2F904,浸,3,0,0,,,10,水部,,,,
U+2F905,涅,3,0,0,,,10,水部,,,,
U+2F906,𣴞,3,0,0,,,10,水部,,,,
U+2F907,洴,3,0,0,,,11,水部,,,,
U+2F908,港,3,0,0,,,12,水部,,,,
U+2F909,湮,3,0,0,,,12,水部,,,,
U+2F90A,㴳,3,0,0,,,13,水部,,,,
U+2F90B,滋,3,0,0,,,12,水部,,,,
U+2F90C,滇,3,0,0,,,13,水部,,,,
U+2F90D,𣻑,3,0,0,,,13,水部,,,,
U+2F90E,淹,3,0,0,,,13,水部,,,,
U+2F90F,潮,3,0,0,,,15,水部,,,,
U+2F910,𣽞,3,0,0,,,15,水部,,,,
U+2F911,𣾎,3,0,0,,,15,水部,,,,
U+2F912,濆,3,0,0,,,16,水部,,,,
U+2F913,瀹,3,0,0,,,16,水部,,,,
U+2F914,瀞,3,0,0,,,17,水部,,,,
U+2F915,瀛,3,0,0,,,20,水部,,,,
U+2F916,㶖,3,0,0,,,21,水部,,,,
U+2F917,灊,3,0,0,,,21,水部,,,,
U+2F918,災,3,0,0,,,8,火部,,,,
U+2F919,灷,3,0,0,,,8,火部,,,,
U+2F91A,炭,3,0,0,,,9,火部,,,,
U+2F91B,𠔥,3,0,0,,,12,八部,,,,
U+2F91C,煅,3,0,0,,,13,火部,,,,
U+2F91D,𤉣,3,0,0,,,13,火部,,,,
U+2F91E,熜,3,0,0,,,15,火部,,,,
U+2F91F,𤎫,3,0,0,,,16,火部,,,,
U+2F920,爨,3,0,0,,,29,火部,,,,
U+2F921,爵,3,0,0,,,17,爪部,,,,
U+2F922,牐,3,0,0,,,11,片部,,,,
U+2F923,𤘈,3,0,0,,,10,牙部,,,,
U+2F924,犀,3,0,0,,,11,牛部,,,,
U+2F925,犕,3,0,0,,,14,牛部,,,,
U+2F926,𤜵,3,0,0,,,9,犬部,,,,
U+2F927,𤠔,3,0,0,,,12,犬部,,,,
U+2F928,獺,3,0,0,,,19,犬部,,,,
U+2F929,王,3,0,0,,,4,玉部,,,,
U+2F92A,㺬,3,0,0,,,7,玉部,,,,
U+2F92B,玥,3,0,0,,,8,玉部,,,,
U+2F92C,㺸,3,0,0,,,9,玉部,,,,
U+2F92D,㺸,3,0,0,,,10,玉部,,,,
U+2F92E,瑇,3,0,0,,,12,玉部,,,,
U+2F92F,瑜,3,0,0,,,13,玉部,,,,
U+2F930,瑱,3,0,0,,,14,玉部,,,,
U+2F931,璅,3,0,0,,,17,玉部,,,,
U+2F932,瓊,3,0,0,,,19,玉部,,,,
U+2F933,㼛,3,0,0,,,10,瓦部,,,,
U+2F934,甤,3,0,0,,,12,生部,,,,
U+2F935,𤰶,3,0,0,,,9,田部,,,,
U+2F936,甾,3,0,0,,,9,田部,,,,
U+2F937,𤲒,3,0,0,,,11,田部,,,,
U+2F938,異,3,0,0,,,11,田部,,,,
U+2F939,𢆟,3,0,0,,,13,干部,,,,
U+2F93A,瘐,3,0,0,,,11,疒部,,,,
U+2F93B,𤾡,3,0,0,,,14,白部,,,,
U+2F93C,𤾸,3,0,0,,,20,白部,,,,
U+2F93D,𥁄,3,0,0,,,8,皿部,,,,
U+2F93E,㿼,3,0,0,,,11,皿部,,,,
U+2F93F,䀈,3,0,0,,,16,皿部,,,,
U+2F940,直,3,0,0,,,8,目部,,,,
U+2F941,𥃳,3,0,0,,,8,目部,,,,
U+2F942,𥃲,3,0,0,,,9,目部,,,,
U+2F943,𥄙,3,0,0,,,9,目部,,,,
U+2F944,𥄳,3,0,0,,,10,目部,,,,
U+2F945,眞,3,0,0,,,9,目部,,,,
U+2F946,真,3,0,0,,,10,目部,,,,
U+2F947,真,3,0,0,,,10,目部,,,,
U+2F948,睊,3,0,0,,,11,目部,,,,
U+2F949,䀹,3,0,0,,,12,目部,,,,
U+2F94A,瞋,3,0,0,,,15,目部,,,,
U+2F94B,䁆,3,0,0,,,15,目部,,,,
U+2F94C,䂖,3,0,0,,,6,石部,,,,
U+2F94D,𥐝,3,0,0,,,8,石部,,,,
U+2F94E,硎,3,0,0,,,13,石部,,,,
U+2F94F,碌,3,0,0,,,13,石部,,,,
U+2F950,磌,3,0,0,,,15,石部,,,,
U+2F951,䃣,3,0,0,,,17,石部,,,,
U+2F952,𥘦,3,0,0,,,8,示部,,,,
U+2F953,祖,3,0,0,,,9,示部,,,,
U+2F954,𥚚,3,0,0,,,12,示部,,,,
U+2F955,𥛅,3,0,0,,,14,示部,,,,
U+2F956,福,3,0,0,,,14,示部,,,,
U+2F957,秫,3,0,0,,,10,禾部,,,,
U+2F958,䄯,3,0,0,,,11,禾部,,,,
U+2F959,穀,3,0,0,,,14,禾部,,,,
U+2F95A,穊,3,0,0,,,16,禾部,,,,
U+2F95B,穏,3,0,0,,,16,禾部,,,,
U+2F95C,𥥼,3,0,0,,,14,穴部,,,,
U+2F95D,𥪧,3,0,0,,,15,立部,,,,
U+2F95E,𥪧,3,0,0,,,15,立部,,,,
U+2F95F,竮,3,0,0,,,16,立部,,,,
U+2F960,䈂,3,0,0,,,14,竹部,,,,
U+2F961,𥮫,3,0,0,,,14,竹部,,,,
U+2F962,篆,3,0,0,,,15,竹部,,,,
U+2F963,築,3,0,0,,,15,竹部,,,,
U+2F964,䈧,3,0,0,,,18,竹部,,,,
U+2F965,𥲀,3,0,0,,,19,竹部,,,,
U+2F966,糒,3,0,0,,,16,米部,,,,
U+2F967,䊠,3,0,0,,,17,米部,,,,
U+2F968,糨,3,0,0,,,18,米部,,,,
U+2F969,糣,3,0,0,,,18,米部,,,,
U+2F96A,紀,3,0,0,,,9,糸部,,,,
U+2F96B,𥾆,3,0,0,,,8,糸部,,,,
U+2F96C,絣,3,0,0,,,14,糸部,,,,
U+2F96D,䌁,3,0,0,,,15,糸部,,,,
U+2F96E,緇,3,0,0,,,15,糸部,,,,
U+2F96F,縂,3,0,0,,,15,糸部,,,,
U+2F970,繅,3,0,0,,,19,糸部,,,,
U+2F971,䌴,3,0,0,,,23,糸部,,,,
U+2F972,𦈨,3,0,0,,,12,缶部,,,,
U+2F973,𦉇,3,0,0,,,17,缶部,,,,
U+2F974,䍙,3,0,0,,,12,网部,,,,
U+2F975,𦋙,3,0,0,,,16,网部,,,,
U+2F976,罺,3,0,0,,,18,网部,,,,
U+2F977,𦌾,3,0,0,,,24,网部,,,,
U+2F978,羕,3,0,0,,,12,羊部,,,,
U+2F979,翺,3,0,0,,,16,羽部,,,,
U+2F97A,者,3,0,0,,,9,老部,,,,
U+2F97B,𦓚,3,0,0,,,15,而部,,,,
U+2F97C,𦔣,3,0,0,,,16,耒部,,,,
U+2F97D,聠,3,0,0,,,14,耳部,,,,
U+2F97E,𦖨,3,0,0,,,14,耳部,,,,
U+2F97F,聰,3,0,0,,,17,耳部,,,,
U+2F980,𣍟,3,0,0,,,7,月部,,,,
U+2F981,䏕,3,0,0,,,8,肉部,,,,
U+2F982,育,3,0,0,,,8,肉部,,,,
U+2F983,脃,3,0,0,,,10,肉部,,,,
U+2F984,䐋,3,0,0,,,12,肉部,,,,
U+2F985,脾,3,0,0,,,11,肉部,,,,
U+2F986,媵,3,0,0,,,13,女部,,,,
U+2F987,𦞧,3,0,0,,,14,肉部,,,,
U+2F988,𦞵,3,0,0,,,14,肉部,,,,
U+2F989,𣎓,3,0,0,,,15,月部,,,,
U+2F98A,𣎜,3,0,0,,,17,月部,,,,
U+2F98B,舁,3,0,0,,,9,臼部,,,,
U+2F98C,舄,3,0,0,,,11,臼部,,,,
U+2F98D,辞,3,0,0,,,13,辛部,,,,
U+2F98E,䑫,3,0,0,,,14,舟部,,,,
U+2F98F,芑,3,0,0,,,6,艸部,,,,
U+2F990,芋,3,0,0,,,6,艸部,,,,
U+2F991,芝,3,0,0,,,6,艸部,,,,
U+2F992,劳,3,0,0,,,8,力部,,,,
U+2F993,花,3,0,0,,,7,艸部,,,,
U+2F994,芳,3,0,0,,,10,艸部,,,,
U+2F995,芽,3,0,0,,,7,艸部,,,,
U+2F996,苦,3,0,0,,,8,艸部,,,,
U+2F997,𦬼,3,0,0,,,9,艸部,,,,
U+2F998,若,3,0,0,,,8,艸部,,,,
U+2F999,茝,3,0,0,,,10,艸部,,,,
U+2F99A,荣,3,0,0,,,10,艸部,,,,
U+2F99B,莭,3,0,0,,,11,艸部,,,,
U+2F99C,茣,3,0,0,,,10,艸部,,,,
U+2F99D,莽,3,0,0,,,10,艸部,,,,
U+2F99E,菧,3,0,0,,,10,艸部,,,,
U+2F99F,著,3,0,0,,,11,艸部,,,,
U+2F9A0,荓,3,0,0,,,11,艸部,,,,
U+2F9A1,菊,3,0,0,,,11,艸部,,,,
U+2F9A2,菌,3,0,0,,,11,艸部,,,,
U+2F9A3,菜,3,0,0,,,11,艸部,,,,
U+2F9A4,𦰶,3,0,0,,,12,艸部,,,,
U+2F9A5,𦵫,3,0,0,,,13,艸部,,,,
U+2F9A6,𦳕,3,0,0,,,13,艸部,,,,
U+2F9A7,䔫,3,0,0,,,14,艸部,,,,
U+2F9A8,蓱,3,0,0,,,14,艸部,,,,
U+2F9A9,蓳,3,0,0,,,15,艸部,,,,
U+2F9AA,蔖,3,0,0,,,14,艸部,,,,
U+2F9AB,𧏊,3,0,0,,,16,虫部,,,,
U+2F9AC,蕤,3,0,0,,,15,艸部,,,,
U+2F9AD,𦼬,3,0,0,,,17,艸部,,,,
U+2F9AE,䕝,3,0,0,,,17,艸部,,,,
U+2F9AF,䕡,3,0,0,,,17,艸部,,,,
U+2F9B0,𦾱,3,0,0,,,19,艸部,,,,
U+2F9B1,𧃒,3,0,0,,,20,艸部,,,,
U+2F9B2,䕫,3,0,0,,,21,艸部,,,,
U+2F9B3,虐,3,0,0,,,9,虍部,,,,
U+2F9B4,虜,3,0,0,,,13,虍部,,,,
U+2F9B5,虧,3,0,0,,,17,虍部,,,,
U+2F9B6,虩,3,0,0,,,19,虍部,,,,
U+2F9B7,蚩,3,0,0,,,10,虫部,,,,
U+2F9B8,蚈,3,0,0,,,12,虫部,,,,
U+2F9B9,蜎,3,0,0,,,12,虫部,,,,
U+2F9BA,蛢,3,0,0,,,14,虫部,,,,
U+2F9BB,蝹,3,0,0,,,15,虫部,,,,
U+2F9BC,蜨,3,0,0,,,15,虫部,,,,
U+2F9BD,蝫,3,0,0,,,15,虫部,,,,
U+2F9BE,螆,3,0,0,,,15,虫部,,,,
U+2F9BF,䗗,3,0,0,,,18,虫部,,,,
U+2F9C0,蟡,3,0,0,,,18,虫部,,,,
U+2F9C1,蠁,3,0,0,,,19,虫部,,,,
U+2F9C2,䗹,3,0,0,,,19,虫部,,,,
U+2F9C3,衠,3,0,0,,,16,行部,,,,
U+2F9C4,衣,3,0,0,,,6,衣部,,,,
U+2F9C5,𧙧,3,0,0,,,9,衣部,,,,
U+2F9C6,裗,3,0,0,,,12,衣部,,,,
U+2F9C7,裞,3,0,0,,,12,衣部,,,,
U+2F9C8,䘵,3,0,0,,,13,衣部,,,,
U+2F9C9,裺,3,0,0,,,15,衣部,,,,
U+2F9CA,㒻,3,0,0,,,11,冂部,,,,
U+2F9CB,𧢮,3,0,0,,,26,見部,,,,
U+2F9CC,𧥦,3,0,0,,,10,言部,,,,
U+2F9CD,䚾,3,0,0,,,11,言部,,,,
U+2F9CE,䛇,3,0,0,,,12,言部,,,,
U+2F9CF,誠,3,0,0,,,14,言部,,,,
U+2F9D0,諭,3,0,0,,,16,言部,,,,
U+2F9D1,變,3,0,0,,,22,言部,,,,
U+2F9D2,豕,3,0,0,,,6,豕部,,,,
U+2F9D3,𧲨,3,0,0,,,13,豸部,,,,
U+2F9D4,貫,3,0,0,,,12,貝部,,,,
U+2F9D5,賁,3,0,0,,,13,貝部,,,,
U+2F9D6,贛,3,0,0,,,24,貝部,,,,
U+2F9D7,起,3,0,0,,,10,走部,,,,
U+2F9D8,𧼯,3,0,0,,,16,走部,,,,
U+2F9D9,𠠄,3,0,0,,,16,刀部,,,,
U+2F9DA,跋,3,0,0,,,12,足部,,,,
U+2F9DB,趼,3,0,0,,,13,足部,,,,
U+2F9DC,跰,3,0,0,,,15,足部,,,,
U+2F9DD,𠣞,3,0,0,,,9,勹部,,,,
U+2F9DE,軔,3,0,0,,,10,車部,,,,
U+2F9DF,輸,3,0,0,,,16,車部,,,,
U+2F9E0,𨗒,3,0,0,,,15,辵部,,,,
U+2F9E1,𨗭,3,0,0,,,15,辵部,,,,
U+2F9E2,邔,3,0,0,,,6,邑部,,,,
U+2F9E3,郱,3,0,0,,,11,邑部,,,,
U+2F9E4,鄑,3,0,0,,,13,邑部,,,,
U+2F9E5,𨜮,3,0,0,,,12,邑部,,,,
U+2F9E6,鄛,3,0,0,,,16,邑部,,,,
U+2F9E7,鈸,3,0,0,,,13,金部,,,,
U+2F9E8,鋗,3,0,0,,,14,金部,,,,
U+2F9E9,鋘,3,0,0,,,15,金部,,,,
U+2F9EA,鉼,3,0,0,,,16,金部,,,,
U+2F9EB,鏹,3,0,0,,,20,金部,,,,
U+2F9EC,鐕,3,0,0,,,20,金部,,,,
U+2F9ED,𨯺,3,0,0,,,24,金部,,,,
U+2F9EE,開,3,0,0,,,14,門部,,,,
U+2F9EF,䦕,3,0,0,,,16,門部,,,,
U+2F9F0,閷,3,0,0,,,16,門部,,,,
U+2F9F1,𨵷,3,0,0,,,18,門部,,,,
U+2F9F2,䧦,3,0,0,,,12,阜部,,,,
U+2F9F3,雃,3,0,0,,,14,隹部,,,,
U+2F9F4,嶲,3,0,0,,,15,山部,,,,
U+2F9F5,霣,3,0,0,,,17,雨部,,,,
U+2F9F6,𩅅,3,0,0,,,17,雨部,,,,
U+2F9F7,𩈚,3,0,0,,,17,面部,,,,
U+2F9F8,䩮,3,0,0,,,17,革部,,,,
U+2F9F9,䩶,3,0,0,,,19,革部,,,,
U+2F9FA,韠,3,0,0,,,19,韋部,,,,
U+2F9FB,𩐊,3,0,0,,,20,韭部,,,,
U+2F9FC,䪲,3,0,0,,,12,頁部,,,,
U+2F9FD,𩒖,3,0,0,,,13,頁部,,,,
U+2F9FE,頋,3,0,0,,,13,頁部,,,,
U+2F9FF,頋,3,0,0,,,14,頁部,,,,
U+2FA00,頩,3,0,0,,,17,頁部,,,,
U+2FA01,𩖶,3,0,0,,,14,風部,,,,
U+2FA02,飢,3,0,0,,,10,食部,,,,
U+2FA03,䬳,3,0,0,,,13,食部,,,,
U+2FA04,餩,3,0,0,,,16,食部,,,,
U+2FA05,馧,3,0,0,,,18,香部,,,,
U+2FA06,駂,3,0,0,,,14,馬部,,,,
U+2FA07,駾,3,0,0,,,17,馬部,,,,
U+2FA08,䯎,3,0,0,,,14,骨部,,,,
U+2FA09,𩬰,3,0,0,,,16,髟部,,,,
U+2FA0A,鬒,3,0,0,,,20,髟部,,,,
U+2FA0B,鱀,3,0,0,,,22,魚部,,,,
U+2FA0C,鳽,3,0,0,,,17,鳥部,,,,
U+2FA0D,䳎,3,0,0,,,17,鳥部,,,,
U+2FA0E,䳭,3,0,0,,,18,鳥部,,,,
U+2FA0F,鵧,3,0,0,,,19,鳥部,,,,
U+2FA10,𪃎,3,0,0,,,20,鳥部,,,,
U+2FA11,䳸,3,0,0,,,22,鳥部,,,,
U+2FA12,𪄅,3,0,0,,,21,鳥部,,,,
U+2FA13,𪈎,3,0,0,,,27,鳥部,,,,
U+2FA14,𪊑,3,0,0,,,17,鹿部,,,,
U+2FA15,麻,3,0,0,,,11,麻部,,,,
U+2FA16,䵖,3,0,0,,,21,黍部,,,,
U+2FA17,黹,3,0,0,,,13,黹部,,,,
U+2FA18,黾,3,0,0,,,8,黽部,,,,
U+2FA19,鼅,3,0,0,,,21,黽部,,,,
U+2FA1A,鼏,3,0,0,,,15,鼎部,,,,
U+2FA1B,鼖,3,0,0,,,19,鼓部,,,,
U+2FA1C,鼻,3,0,0,,,14,鼻部,,,,
U+2FA1D,𪘀,3,0,0,,,23,齒部,,,,